1196.249459842519;0
1195.4635378785706;0
1193.3749736438008;0
1195.886786459942;0
1192.0507711018881;0
1187.0306280039713;0
1189.571343337755;0
1190.3705685843952;0
1191.808113398582;0
1193.8609040233391;0
1196.4388844403902;0
1197.1421744676936;0
1196.5345809629387;0
1195.2674271398032;0
1198.7277111663786;0
1199.199869714976;0
1199.1057921420684;0
1199.4402334000476;0
1197.8835953068578;0
1195.9521420443361;0
1193.8358995379292;0
1199.2747494784903;0
1197.5226437471597;0
1199.9289343116886;0
1193.915126612877;0
1191.2351238153487;0
1189.7494247464015;0
1191.354091579141;0
1192.6724561040126;0
1194.811884799492;0
1194.525064435497;0
1196.4270114165386;0
1198.895679734488;0
1199.8372472969565;0
1198.526004773131;0
1198.6150163150828;0
1199.138946099039;0
1199.8267535053533;0
1194.873021278965;0
1195.5380734993546;0
1199.5955734587621;0
1197.862130600296;0
1198.2651228852874;0
1194.9851027842478;0
1195.1790418341056;0
1199.4148886155547;0
1199.603950646544;0
1198.6460523765509;0
1199.197518959204;0
1196.7109770119646;0
1199.9885636593817;0
1199.7261565895383;0
1199.217497769515;0
1199.673786176218;0
1198.5140539495592;0
1198.0848409307835;0
1196.1867624923525;0
1196.0219863447549;0
1197.267655232642;0
1196.494957599045;0
1199.6472295770182;0
1198.3921709513431;0
1199.9481534656006;0
1194.8972003548201;0
1194.5046490747352;0
1194.6321814500345;0
1191.3347485804634;0
1188.6086717713674;0
1194.6699627072903;0
1194.7618101483363;0
1197.6307216422629;0
1199.4224010801765;0
1195.8563038994075;0
1194.406743908032;0
1191.7303997843765;0
1197.611085847766;0
1198.5124639299038;0
1197.2480031607258;0
1198.8618644139883;0
1195.5220603992423;0
1198.4317628355745;0
1197.9963003555658;0
1197.9103854256914;0
1199.0996151613165;0
1194.3115159933332;0
1197.7650524071046;0
1198.2458786175735;0
1194.2070491884672;0
1196.6206263831818;0
1197.7445837313558;0
1193.7116616596404;0
1189.0458798279553;0
1189.0424302168713;0
1185.1649469393778;0
1191.0720222408063;0
1193.0158357039581;0
1199.0412994752314;0
1196.9457748616157;0
1198.810988915403;0
1199.5772676891006;0
1199.0076979903865;0
1199.5608473887248;0
1197.6815847943653;0
1195.9488278023982;0
1195.1728226723785;0
1196.1127965279625;0
1195.470052851953;0
1198.3033377350303;0
1196.5192990591179;0
1196.2799502884786;0
1190.3324839435434;0
1190.5690316227474;0
1185.7854821170606;0
1187.5581190450907;0
1189.3473752219506;0
1189.4394164872765;0
1194.7126967072572;0
1194.8211109075064;0
1198.794049947676;0
1198.2669154029102;0
1197.879703805232;0
1198.6144689715873;0
1198.6256498384532;0
1198.8998993288255;0
1197.2973914812019;0
1195.9898589727381;0
1198.787790465935;0
1198.7731376625723;0
1194.2133439115332;0
1192.474649474099;0
1193.2968155783715;0
1192.5058118657016;0
1191.258616259625;0
1194.0876941232923;0
1193.6045746432565;0
1196.7494088339013;0
1194.999251383712;0
1191.9475019004228;0
1193.6870277088287;0
1191.4709902964933;0
1190.089062276475;0
1189.1161423390981;0
1189.2995292956134;0
1189.7502056157036;0
1195.4046774946514;0
1193.6554323185092;0
1196.8599272407873;0
1198.7366425576574;0
1199.022181432304;0
1198.3260469587246;0
1198.3641303671698;0
1199.4865413117018;0
1199.643737396309;0
1199.9305176418761;0
1198.44264239338;0
1198.0657740005895;0
1198.327439312855;0
1198.565367565192;0
1199.920732041854;0
1198.7477887585;0
1196.46988859697;0
1196.9843692952704;0
1196.2136019032978;0
1199.829193139157;0
1197.2782018746939;0
1199.0577892873998;0
1199.4396534217155;0
1198.8396778811248;0
1199.5958920990367;0
1195.352840534832;0
1188.4835306507111;0
1183.9124626474306;0
1183.632272969434;0
1185.7307104634608;0
1185.6915806972465;0
1185.747847646569;0
1186.7014442877348;0
1191.813723943728;0
1188.5888045206898;0
1191.8291817124018;0
1190.8192813861906;0
1192.514625098704;0
1192.1042322759429;0
1193.5641331474885;0
1196.814286208878;0
1199.966007588687;0
1199.3696330102694;0
1194.5859892114795;0
1198.193666495124;0
1196.9931443176051;0
1194.8438452098235;0
1194.543617039984;0
1199.5310737411621;0
1196.866238035715;0
1193.1811009024489;0
1193.1151588116618;0
1194.3796829362693;0
1198.2032445224145;0
1199.103871724823;0
1198.940501386873;0
1197.9831308263865;0
1195.7401518282495;0
1195.6308416118782;0
1192.1575748902824;0
1192.4270887606667;0
1189.1864441291032;0
1186.582446760495;0
1185.5004039651378;0
1188.8698548924942;0
1186.7826948710444;0
1190.8648269895734;0
1194.540402208835;0
1195.0672586833734;0
1195.0820448972859;0
1199.3290222343348;0
1199.1227322497557;0
1199.404367555388;0
1195.535246320473;0
1195.2141720748004;0
1198.0537807439832;0
1191.8380853795345;0
1193.1305324305172;0
1192.4211505238518;0
1189.9876799040205;0
1184.9239136793744;0
1188.4175647330528;0
1188.4771796413331;0
1191.0027522549813;0
1190.6385597915812;0
1195.9942511210547;0
1194.3232846616131;0
1198.8749722969987;0
1197.3389186936315;0
1194.3516837614989;0
1199.659774848716;0
1199.7735068980446;0
1197.2758326118683;0
1199.2280431417726;0
1195.8213783328133;0
1196.7773158081595;0
1190.58263333168;0
1187.9805307916085;0
1187.1755029067108;0
1182.7709949270718;0
1183.1607751538825;0
1184.4455999136612;0
1186.6283141457466;0
1185.6499799108497;0
1195.899091307622;0
1198.6947910996705;0
1199.2463082382508;0
1196.7350278702775;0
1198.2662136770423;0
1197.8038663117998;0
1199.3793906780068;0
1196.038652830964;0
1198.3285304075318;0
1192.6637657688448;0
1191.5900527737374;0
1191.1242367068062;0
1193.600854508311;0
1194.700662653538;0
1195.1316928000156;0
1196.1427779101923;0
1192.5278975641095;0
1190.6895294214908;0
1185.9422988417728;0
1186.9110983994722;0
1182.183604766271;0
1177.236387615468;0
1178.1691960357389;0
1178.310150438642;0
1178.0159152127128;0
1179.7221226494207;0
1181.4013499028858;0
1189.5549951193752;0
1192.8821596063233;0
1198.6204892387777;0
1199.476931231501;0
1197.2138202900446;0
1193.799077429093;0
1195.633128727946;0
1190.1012467003654;0
1194.004107671689;0
1198.2168923209565;0
1199.1703647031507;0
1199.0619767879857;0
1199.3923314974484;0
1194.3799242505972;0
1195.1665927668707;0
1193.3632399562368;0
1194.8099556295401;0
1197.1433436716788;0
1198.5408830748977;0
1198.8264508679251;0
1199.3257607130429;0
1197.2430875859368;0
1191.101637173652;0
1184.5154999511014;0
1187.0684638723144;0
1186.146815027555;0
1183.5102604189453;0
1187.2012506804435;0
1187.893556758796;0
1191.569439799789;0
1197.161540146161;0
1198.4590002604946;0
1195.977989006098;0
1195.2270365138736;0
1190.8765545880901;0
1190.1529858596587;0
1190.4754427837397;0
1190.743805502179;0
1192.5614733524064;0
1194.1426140413698;0
1193.5164213089565;0
1190.9096585064412;0
1192.905454307912;0
1187.3835292595259;0
1191.882206210148;0
1192.92587902629;0
1194.935764667007;0
1199.7068505561977;0
1195.0622470970368;0
1191.4223251702663;0
1191.7207644274524;0
1191.021372445352;0
1193.6351198605694;0
1191.480692187631;0
1188.2332790848066;0
1192.4907238543033;0
1189.58757913049;0
1189.5469396862836;0
1189.8516144692248;0
1198.4434457284237;0
1197.8260155825792;0
1196.2754271088884;0
1190.895095620925;0
1193.4097318577633;0
1188.254453632951;0
1191.2952668201315;0
1190.9324736026556;0
1192.1757350882465;0
1189.288243952732;0
1193.5254212303037;0
1197.5291682596776;0
1194.4573850080533;0
1193.4614049045979;0
1197.3351128081201;0
1195.733061984642;0
1197.8043868612858;0
1198.000448510739;0
1197.8655218739343;0
1197.6546175226363;0
1199.7201811701261;0
1197.5338372968235;0
1194.1395578862712;0
1194.2573853138197;0
1196.0607343963538;0
1198.562676707415;0
1197.1235773694725;0
1198.2241442215018;0
1198.6090691197178;0
1193.718390094616;0
1194.439420222363;0
1196.018465495103;0
1193.277170622023;0
1199.8513059224924;0
1198.2173494727685;0
1199.1938121496805;0
1198.1014597554863;0
1199.02715642678;0
1199.9606044609045;0
1199.6105902756053;0
1199.3310039739717;0
1193.2515212885676;0
1198.0386335567937;0
1197.9454299902904;0
1199.978859719299;0
1199.3864257195414;0
1199.100594508433;0
1198.551591993662;0
1199.3958905695445;0
1196.0033530468872;0
1194.9569378795265;0
1196.558766071377;0
1196.71598584894;0
1198.494865312927;0
1197.7262546757681;0
1197.4775296361088;0
1196.8572474125945;0
1197.0276285122716;0
1196.4714956445273;0
1196.381472434635;0
1199.619939290185;0
1199.8141822516668;0
1197.5782884497962;0
1197.5503298903586;0
1194.4411627735226;0
1193.9521781459755;0
1190.4880937547766;0
1189.8005051566336;0
1186.1609216213415;0
1192.8413508330982;0
1197.2638736627484;0
1195.10577682159;0
1198.6879926858423;0
1199.491905755257;0
1199.1461842521908;0
1197.1760318142765;0
1197.1463548296038;0
1194.1482304034794;0
1197.8209210102896;0
1195.3041679484284;0
1193.7773850323345;0
1195.4917197216355;0
1194.4693042931078;0
1192.734031155369;0
1196.0576767883813;0
1192.4031132769778;0
1192.754587077572;0
1194.0271308395445;0
1194.4682786977041;0
1199.4513211754388;0
1198.5229764392939;0
1199.236687947539;0
1196.1921985043623;0
1194.0498905772924;0
1186.9809346229667;0
1181.8482269149354;0
1182.8202540883638;0
1180.8168858112213;0
1185.7087853493315;0
1189.7516350704893;0
1187.4493240845204;0
1192.6737444895532;0
1199.844149595712;0
1199.8392712744364;0
1199.6892734200637;0
1198.5255336785694;0
1197.4750251681412;0
1196.8837999035245;0
1198.6471194450426;0
1198.9208903893218;0
1198.7945459000136;0
1196.0484448534046;0
1190.415251161127;0
1182.2722745739134;0
1177.1486677076061;0
1179.1233074204972;0
1176.2673992345299;0
1178.7449151800092;0
1180.3663109626152;0
1184.555342008044;0
1190.2813377065559;0
1195.8784664738891;0
1199.6944607121459;0
1198.095619971868;0
1197.202599789843;0
1192.9744258569085;0
1197.6705327118475;0
1197.0603767601833;0
1193.6088593397903;0
1187.4748277600079;0
1185.7176209240538;0
1190.375300432779;0
1190.1040715177123;0
1188.5699837684742;0
1193.2862081354372;0
1194.3560346703503;0
1194.579240718288;0
1193.5815781419965;0
1195.8382002193666;0
1195.281434027614;0
1198.3535031071542;0
1198.3790738460957;0
1198.726824272517;0
1199.5689916712158;0
1196.1376266806978;0
1195.5527836043962;0
1196.8243000333687;0
1196.7705216047816;0
1194.901418083513;0
1196.668093322018;0
1199.3775231005143;0
1195.6475706086944;0
1198.502974167492;0
1195.947588165309;0
1198.7708485605813;0
1198.4511160537804;0
1197.041823407484;0
1196.3855758261432;0
1198.2746315451673;0
1193.0616323818208;0
1183.5214357041955;0
1184.1372652594423;0
1182.7253124059225;0
1182.1602701312122;0
1179.7580460624508;0
1182.0589493112507;0
1180.0419982420417;0
1177.0176040761746;0
1176.5775600467373;0
1174.4494428681255;0
1177.570161720427;0
1178.41860850182;0
1178.2180173209983;0
1179.4941295069516;0
1181.6716795127693;0
1182.642369346725;0
1192.2986188675543;0
1196.2520051387392;0
1192.9597238978067;0
1192.4035071324854;0
1195.8502025727553;0
1198.3502961439085;0
1195.2548499262205;0
1197.3926867355174;0
1193.2345101175642;0
1194.3948728295052;0
1196.3912104630006;0
1199.3293964305253;0
1198.7960855677757;0
1198.3940706624076;0
1197.5380590838477;0
1197.3794677529954;0
1196.487254098523;0
1199.2736558098147;0
1197.4850339740801;0
1196.8840807514184;0
1189.1807066480094;0
1187.8580954223253;0
1190.6822319189941;0
1191.7112019706253;0
1193.5018813344877;0
1196.1037058378326;0
1197.2869015016481;0
1196.8313861333088;0
1198.0334445264912;0
1198.3067961565544;0
1193.042719529174;0
1193.885914699897;0
1194.2774167472282;0
1193.7610593568156;0
1195.1262323395072;0
1198.4795377448418;0
1192.810720434456;0
1193.7848063780837;0
1195.0272564759973;0
1196.1373251495497;0
1190.092573136842;0
1190.6458167178832;0
1192.9120312443401;0
1197.9524401943281;0
1197.3608708346196;0
1195.1077865217617;0
1195.2082049429916;0
1192.5928534123002;0
1194.4576821310836;0
1193.1632987018374;0
1193.1481130722213;0
1192.848804496372;0
1193.397123321849;0
1197.4614425471268;0
1196.0796708198209;0
1194.1956729253404;0
1198.0337826106502;0
1198.3547572538273;0
1197.8536610204123;0
1199.2238322294957;0
1199.0318850847136;0
1199.176931234689;0
1199.1412639096743;0
1196.0914872409253;0
1194.1258170393398;0
1192.9429166686953;0
1196.7664311957205;0
1199.4712894419627;0
1197.762225398361;0
1198.7145018561262;0
1199.2464660100354;0
1198.8210901041411;0
1198.7546165229744;0
1198.4182772577124;0
1197.170948170099;0
1195.737267222638;0
1195.6899440531024;0
1192.0330012800243;0
1191.9056832764063;0
1186.1531713907898;0
1187.449894284527;0
1183.547592940722;0
1182.5835389890126;0
1189.6410264681997;0
1190.4483208055121;0
1188.5255624834674;0
1194.0742502184662;0
1192.3240779146777;0
1194.6127135333202;0
1197.1931069914367;0
1198.8698796535546;0
1199.570637941141;0
1196.9772071123261;0
1196.9653194089615;0
1199.1333454396645;0
1198.536010700067;0
1194.7802823426991;0
1197.31607133013;0
1194.3046055736747;0
1197.131218440726;0
1197.581831272932;0
1195.7420447730278;0
1196.6403274694583;0
1197.435003307989;0
1199.8183815309314;0
1198.1525841704092;0
1199.5117403112354;0
1199.402011886933;0
1199.7047445144726;0
1198.0524826034498;0
1199.6367727909364;0
1199.3714687112383;0
1197.080754589364;0
1195.7817065290237;0
1194.9500885057796;0
1196.3416845743673;0
1196.5236224140308;0
1197.394875306718;0
1196.647940799468;0
1196.4483906928454;0
1198.6145552393307;0
1196.708358172662;0
1196.1840986282932;0
1194.9540920037712;0
1192.6868702334505;0
1197.0220976805504;0
1199.2421483788532;0
1198.8331458069902;0
1195.8531938620033;0
1195.3027952707794;0
1193.5515970345118;0
1191.9546337671013;0
1193.3634597608957;0
1194.3143585001974;0
1193.9766158516552;0
1193.8038634936474;0
1195.4157911821637;0
1197.7315146506508;0
1194.30472824572;0
1193.9781739518266;0
1191.3193226518192;0
1193.6394756747586;0
1193.6531533917273;0
1198.0442812212889;0
1194.6079653078468;0
1194.1823768129434;0
1197.7614188891198;0
1196.2490172612581;0
1192.5703259843478;0
1190.8754588393917;0
1189.8648986068572;0
1191.1954123591338;0
1195.0202533995075;0
1194.716158424977;0
1196.8963435654834;0
1198.9261455099345;0
1196.592529536066;0
1198.7350965760688;0
1193.6818487267442;0
1191.780685343989;0
1193.0158302287557;0
1195.4364759630503;0
1193.691823000519;0
1193.7952007497836;0
1195.0856850785317;0
1199.2677709385569;0
1195.4255370354003;0
1198.9594421495835;0
1199.9703977318459;0
1198.2792395820925;0
1197.5971232073248;0
1198.7181387806402;0
1198.377808211344;0
1199.0729022963342;0
1197.7179845998303;0
1199.9461852668774;0
1198.6889947876095;0
1198.0744215794948;0
1198.37212529285;0
1198.491584901705;0
1196.3315973618007;0
1196.2737499788568;0
1197.398660075364;0
1199.0604077875355;0
1198.2869204313897;0
1197.4358901832825;0
1197.0771301327445;0
1195.699862182254;0
1193.3044329221336;0
1190.9047235122534;0
1191.6971907734335;0
1193.5886094095106;0
1193.041710521321;0
1195.772912546311;0
1197.3647310259207;0
1197.2761100273956;0
1196.5166783340696;0
1197.5515986217504;0
1198.9594955643174;0
1198.8899357951318;0
1198.8600376112245;0
1198.3804284866303;0
1194.2562411426775;0
1191.679602470551;0
1193.007994836298;0
1197.6275933335114;0
1198.553714822454;0
1198.937031105249;0
1199.0578755420474;0
1196.4784724142737;0
1189.6193854081134;0
1191.911530926094;0
1190.4320629858034;0
1192.1527548029198;0
1194.9566925239335;0
1192.0828395801136;0
1189.245021015054;0
1196.199826688026;0
1199.924753513585;0
1198.8060447596931;0
1198.8493806098409;0
1198.8782403256187;0
1194.8059450571695;0
1195.2159119358016;0
1197.274553127252;0
1195.2943412201175;0
1199.2977072129088;0
1196.1176274196123;0
1196.6297807440553;0
1199.6035571268305;0
1199.3555945490552;0
1197.8221827258753;0
1195.1517626180262;0
1192.1030830584532;0
1197.2207516828598;0
1197.5600415501767;0
1193.8411809840236;0
1192.0558172563033;0
1190.3544108815618;0
1194.8120408403624;0
1188.2382892100377;0
1187.2826948842026;0
1191.5241953611294;0
1197.5183180791132;0
1197.0491407111174;0
1196.3833478220597;0
1193.5919798331224;0
1194.8527444411552;0
1198.2542236729992;0
1194.3041806513809;0
1192.292880612223;0
1188.8444870695362;0
1191.0883510289705;0
1195.3183994809247;0
1195.6279376286861;0
1194.503983183931;0
1198.2585879404262;0
1197.9003994714744;0
1198.7442700815457;0
1198.6344535515127;0
1198.2897869346207;0
1199.8068796728464;0
1196.6732021042806;0
1194.399106861531;0
1199.9702007397734;0
1197.3661048987246;0
1194.4893390776886;0
1185.9669891708593;0
1187.4589251778507;0
1186.6587836243039;0
1185.448600968824;0
1184.9408475423188;0
1185.5082755104168;0
1187.4050786919786;0
1187.146790538079;0
1183.6601619296832;0
1185.849095469951;0
1182.0608359626706;0
1179.3564799818146;0
1186.659505411759;0
1185.70282907508;0
1190.8962159648243;0
1189.769379135595;0
1197.6315610150023;0
1195.7869731112082;0
1196.0964457651212;0
1197.8448243429764;0
1199.456549494626;0
1198.123876009632;0
1197.3689988405563;0
1198.343386881481;0
1196.9796001626037;0
1197.9727941788115;0
1198.978291037446;0
1195.7739302295372;0
1197.1023465092856;0
1194.212872041253;0
1191.505035069701;0
1188.4423834408012;0
1184.3386950365566;0
1184.6216678297635;0
1187.5574899305975;0
1184.1080988043136;0
1180.6636428015693;0
1181.821545415512;0
1182.834770927922;0
1181.135388653628;0
1180.027057425821;0
1186.1374988137904;0
1185.2892278996214;0
1187.526609396847;0
1185.3107002120114;0
1186.764952557307;0
1190.496283213811;0
1199.0843555168663;0
1198.5405289598707;0
1197.8591269268945;0
1197.9127515165806;0
1189.355159276412;0
1186.7948252661342;0
1186.8166309756596;0
1190.9077672063959;0
1190.960334846979;0
1187.8483050773782;0
1191.7203861967946;0
1188.9472639975247;0
1189.1771503371497;0
1189.7376131676485;0
1185.227812128823;0
1188.6026639115264;0
1194.7736914377097;0
1195.896787696137;0
1195.2345856179368;0
1197.638990843202;0
1199.8737483183686;0
1195.4787761381003;0
1194.01064979228;0
1191.6735583741588;0
1193.134740126593;0
1192.568914870677;0
1190.8106806085057;0
1190.754561847635;0
1192.4401961144622;0
1189.4496184826426;0
1192.1907726824525;0
1191.1195149553917;0
1186.9145979308864;0
1188.869197269406;0
1190.383821764442;0
1188.772031714275;0
1191.2153579885226;0
1196.4265307152518;0
1197.2530746168209;0
1195.968552908726;0
1198.875347518757;0
1195.353444245502;0
1193.226945414317;0
1193.5500817736777;0
1194.3028157347394;0
1194.5607125074562;0
1197.4065176355257;0
1198.4212677653054;0
1199.0647290166664;0
1195.6528603660474;0
1194.6334852038271;0
1192.936557208756;0
1193.0732120423731;0
1192.6610070238626;0
1194.228066259994;0
1194.5351722866176;0
1194.4771679805435;0
1196.2431303595285;0
1197.4468007574155;0
1197.8469632938877;0
1198.2743146160046;0
1196.941112968987;0
1199.0004941705229;0
1199.4773203273;0
1199.7383024738917;0
1199.6017225120436;0
1199.563126362063;0
1198.7985560790848;0
1196.961653658509;0
1197.7124255059784;0
1192.9355158342864;0
1193.399336960617;0
1192.3042869287267;0
1193.7169545747006;0
1190.531048523435;0
1192.036675701028;0
1192.6098669382786;0
1193.6611619264;0
1197.3111536204756;0
1197.84273079548;0
1199.9791727271502;0
1197.3116206984678;0
1199.7421402846353;0
1199.3312687333623;0
1197.2229908422169;0
1199.2349762468832;0
1199.947188625888;0
1198.3728972010513;0
1195.2594614270279;0
1199.745510772374;0
1199.6110524958103;0
1196.368880308242;0
1199.9855511984565;0
1199.074405331393;0
1198.8857632971456;0
1193.9896104515626;0
1195.5497718843612;0
1192.1321256769897;0
1189.2747407249215;0
1190.999394370086;0
1194.6943614261445;0
1196.275696303283;0
1195.9741234161306;0
1199.3342221586308;0
1198.7424948205007;0
1197.1670372090416;0
1196.9296891726817;0
1195.338256163489;0
1189.901097671124;0
1189.7774362736827;0
1191.6213044835877;0
1191.716602200116;0
1196.1301831647734;0
1194.0767138920676;0
1197.0194306286808;0
1196.5012267975117;0
1192.4885279651294;0
1196.7975159892612;0
1197.2193619958528;0
1199.3048972262;0
1198.7385877092765;0
1199.0731681142245;0
1197.005057498606;0
1194.3881092906347;0
1198.3461546480125;0
1197.2456387472494;0
1197.0946090286823;0
1194.3422250684935;0
1190.5526209335471;0
1190.8450165407094;0
1192.5225044123058;0
1191.5960191554586;0
1189.2667545480872;0
1186.38627336872;0
1189.349195080167;0
1194.1305838859453;0
1198.7447059936658;0
1196.730088691153;0
1195.4239076776178;0
1196.9522526758233;0
1198.0654944251805;0
1198.4068390171997;0
1197.0791012370694;0
1199.1920672352894;0
1198.5028337239655;0
1198.4895336255934;0
1196.8363786240807;0
1198.1009987626144;0
1198.508525959302;0
1198.6906630959504;0
1198.6761373306076;0
1198.5210919412232;0
1195.1721787111637;0
1197.1468707019335;0
1198.8738667633836;0
1198.4033012891364;0
1198.467973248164;0
1193.8818237977246;0
1195.3587747603617;0
1192.732084014688;0
1191.0412815509992;0
1184.4447631696821;0
1184.429614089514;0
1183.3396654889443;0
1183.903888082507;0
1182.6690770199352;0
1185.0521829922843;0
1187.9872077549765;0
1193.7470505823649;0
1197.3348577059758;0
1197.6027531878117;0
1197.3492912804059;0
1195.3046121584143;0
1192.3415773852448;0
1193.2640417766588;0
1193.054541369679;0
1192.4231191092758;0
1190.0028575318427;0
1185.1552328042765;0
1185.832271507437;0
1181.9894465597954;0
1183.1560420441863;0
1190.2589940894059;0
1188.8408414995008;0
1190.139077642946;0
1193.2428087807211;0
1197.4505796620274;0
1194.94011404415;0
1196.866158329361;0
1196.1090204863553;0
1197.6653870635923;0
1199.9759764834052;0
1197.5395165037914;0
1196.1680390442962;0
1191.487411219234;0
1190.9628761509632;0
1187.6895496123075;0
1184.132736368564;0
1183.2028014137777;0
1182.1979015300972;0
1185.136906527065;0
1186.9168802545462;0
1191.8205164272022;0
1194.6091822888077;0
1198.502325674469;0
1199.687324067408;0
1197.876078707954;0
1199.4093699759735;0
1197.8422600682622;0
1193.9180203280866;0
1192.7128059993217;0
1193.0642060385244;0
1199.2808532708898;0
1196.917897821022;0
1195.710701012977;0
1196.6284899165494;0
1196.025768082221;0
1191.9192501161845;0
1190.620207252242;0
1187.1568674629166;0
1181.7024145512362;0
1181.4603893016238;0
1184.5749435701655;0
1185.9554143863165;0
1186.19424863118;0
1186.4864661734437;0
1192.1397860649677;0
1196.664864453362;0
1196.152460472581;0
1195.9824701399934;0
1198.6252121862344;0
1197.4611479104233;0
1199.003457205621;0
1198.0576495739958;0
1195.2763818460533;0
1188.7239991796405;0
1182.489692953854;0
1181.7677205532887;0
1178.9442301589656;0
1181.4881952742596;0
1182.0315502881326;0
1187.0196696424941;0
1191.755697752992;0
1193.0604431551938;0
1196.1157784490078;0
1197.1432750398744;0
1196.6779947072607;0
1199.1769835729717;0
1199.4376456934126;0
1198.6193494998104;0
1197.540824058537;0
1197.2518018330538;0
1196.2876443150772;0
1195.3534656368151;0
1190.7306213284141;0
1189.7563270583646;0
1190.9879145769946;0
1193.85278655921;0
1192.3253400317003;0
1195.72726485367;0
1196.2322830312569;0
1197.607233256765;0
1196.0211690791002;0
1198.7477760176628;0
1198.9348627449099;0
1194.6087160962602;0
1192.9381535450416;0
1195.11600099735;0
1195.0026416516844;0
1199.445835962822;0
1196.071003592318;0
1197.3144304541197;0
1195.748328726048;0
1197.3868964314556;0
1195.54454018828;0
1197.43391464956;0
1192.9540348016249;0
1186.3543822558768;0
1188.8450702960224;0
1188.6201323693995;0
1186.5494410127208;0
1190.6523154891106;0
1195.6464353401595;0
1199.1098110124544;0
1196.3406145526887;0
1199.4936843179416;0
1199.6434463165583;0
1199.597175149764;0
1199.2931985846426;0
1199.8195796329433;0
1199.1453585382008;0
1199.0922679620703;0
1197.7770256106644;0
1194.6564257415212;0
1199.3268659257715;0
1198.7665042219562;0
1195.432186094164;0
1199.478940021857;0
1199.6944872940476;0
1198.5263243532672;0
1199.2118772542726;0
1198.5631869508761;0
1195.881096213992;0
1197.4672334301076;0
1199.3510078899812;0
1196.766432227678;0
1198.0187371641996;0
1199.6918214743237;0
1199.8218930604778;0
1195.2032384812974;0
1197.2547234259514;0
1198.1959950155137;0
1194.5554676392026;0
1195.092938760138;0
1194.8681430814754;0
1195.8515643968308;0
1198.1268695216224;0
1196.6241777882246;0
1192.9660906589984;0
1186.6831961792893;0
1189.6352980823506;0
1187.9948283534222;0
1189.280908503875;0
1195.1785072622943;0
1195.8744872437974;0
1195.5634292715044;0
1199.2780107264543;0
1198.3608948706756;0
1193.7644410520347;0
1194.9512179676694;0
1194.696635168074;0
1192.295932399162;0
1195.2937045219237;0
1194.0854266792508;0
1193.071510696132;0
1190.3126937942043;0
1191.239015137011;0
1193.4028107038694;0
1194.1140841107456;0
1188.7590602512778;0
1189.1958122430638;0
1191.7855549317746;0
1190.3185237563625;0
1192.5075980957185;0
1189.5622066542055;0
1189.860423325255;0
1194.698785600735;0
1195.6918148539257;0
1199.5797203669463;0
1196.3608554944954;0
1196.9365223379386;0
1199.3635052411996;0
1199.5336456488199;0
1198.2489765713522;0
1190.032550334763;0
1188.9084691871958;0
1186.8320126919052;0
1184.3148336174695;0
1183.4164686602362;0
1187.8977188170882;0
1187.8277395580344;0
1185.3544588990221;0
1183.2811296071823;0
1184.5721670158116;0
1183.4640543367282;0
1182.1001625563463;0
1179.4771458594892;0
1186.1579376363707;0
1193.3021347640447;0
1193.545511325344;0
1193.8323988752632;0
1196.4838112996936;0
1193.3555234501332;0
1197.7001354304969;0
1199.552251844877;0
1199.7987462248352;0
1199.9514821432313;0
1196.9911183429717;0
1191.9209825563935;0
1189.1834748819485;0
1187.9705199294594;0
1192.8751451267997;0
1192.3248792513818;0
1192.6974420542037;0
1191.8437932348256;0
1186.1922333814623;0
1184.3486209581918;0
1185.0601649348462;0
1182.9471088121543;0
1184.4828366236845;0
1184.1175851318192;0
1182.56582433753;0
1187.505793902403;0
1187.7527176212952;0
1191.812857671353;0
1194.7855511215366;0
1195.3267193681677;0
1198.5786378182436;0
1198.506544430421;0
1198.6464989477897;0
1198.278167639724;0
1199.816463439784;0
1199.1155450699507;0
1199.5990695175217;0
1198.8528991281598;0
1199.3644800583716;0
1194.3003595757136;0
1198.7605094042488;0
1197.700163964266;0
1198.9682037766115;0
1195.5992575161301;0
1198.0337029789953;0
1195.3155833422688;0
1196.1244597406617;0
1196.137359329096;0
1198.8874754818114;0
1199.3692799372775;0
1198.0401984426298;0
1190.1362876588573;0
1190.5195184340462;0
1191.792773696947;0
1189.1778783326843;0
1185.9631651104155;0
1188.4695082174107;0
1188.4372111744688;0
1188.1749662085726;0
1192.2273818611834;0
1192.7178578650933;0
1194.8710136549907;0
1195.2594726727225;0
1194.1200905653955;0
1194.3999954520991;0
1186.7556816991034;0
1186.906127196825;0
1189.4444939391155;0
1187.0260513589;0
1185.4698118772435;0
1189.8021732334528;0
1186.832453474461;0
1184.1091628205236;0
1184.2083739169884;0
1186.022479322843;0
1184.1234324898237;0
1187.604511057831;0
1189.64506570929;0
1195.2236148493694;0
1197.9510853616946;0
1199.5040529009757;0
1198.2199278833198;0
1198.0342857293786;0
1194.1466242460417;0
1191.1583348144877;0
1190.4187996480036;0
1190.6811385455715;0
1189.038868555887;0
1190.6434586395753;0
1192.8703603143824;0
1193.1228703114552;0
1191.0594620266024;0
1192.5269252301546;0
1199.8253883531606;0
1196.9686737431125;0
1198.1153667346698;0
1198.9351133982832;0
1199.2199534118474;0
1198.2080011724552;0
1199.4384300380668;0
1199.9128504480054;0
1198.6512616476402;0
1199.0494820567517;0
1196.7042924529876;0
1199.2497076109369;0
1198.8468378064736;0
1199.6165979590055;0
1198.2344027459003;0
1196.215084067544;0
1196.3694816104173;0
1199.0786074526761;0
1196.2652907518104;0
1197.0842751298997;0
1195.160010070382;0
1196.5333333399074;0
1195.1661041002335;0
1193.9101538621221;0
1194.7967502148401;0
1194.6355571309425;0
1194.684568271518;0
1198.8673252614371;0
1199.9968742047438;0
1199.7152987972452;0
1198.396846042308;0
1197.4152559119411;0
1193.8705982455783;0
1195.0360820554738;0
1193.7461421871963;0
1191.6049113207046;0
1193.4788409094103;0
1190.8208115884393;0
1194.9541936901487;0
1196.9252620941088;0
1196.3454250380378;0
1193.6242033155784;0
1192.4125153147306;0
1193.0594062759562;0
1193.5438722449367;0
1190.2718908118823;0
1193.6812928710178;0
1194.4742441393573;0
1194.727151260925;0
1194.3724844988647;0
1192.4101967232568;0
1196.8300867502548;0
1196.8845698132636;0
1190.6744053011766;0
1195.194402553942;0
1194.7714559179033;0
1195.073241623729;0
1198.2921158162612;0
1196.02643798243;0
1193.3006139972174;0
1194.648822247195;0
1192.770852320426;0
1193.9724150317734;0
1192.0827508126426;0
1191.4802270084788;0
1190.1161241265586;0
1187.9635494955146;0
1192.9114060857025;0
1193.0261186137527;0
1190.4004880724992;0
1190.173653582698;0
1193.483443157734;0
1194.2637165641945;0
1199.1549095275623;0
1199.149710808193;0
1199.4554701732263;0
1199.3573940750412;0
1198.905469894212;0
1196.4673060103767;0
1192.0792960235012;0
1189.8552154014633;0
1187.617789292276;0
1189.4147826909325;0
1188.2244582965945;0
1187.5562709041783;0
1189.814318177523;0
1186.4779087736188;0
1190.8030475286337;0
1190.5669525799788;0
1184.9653592466884;0
1185.1821204858236;0
1186.499606692169;0
1183.104234299652;0
1175.2279077906178;0
1175.6147695847726;0
1177.8949537108092;0
1179.3767668533342;0
1180.200164809538;0
1182.8294294415896;0
1181.2239941846694;0
1186.029993385718;0
1190.4647945040929;0
1199.5907044157743;0
1196.777303446816;0
1192.8115697256926;0
1187.638449975026;0
1190.7601762992886;0
1191.4878154552948;0
1186.5026610809389;0
1191.008889733104;0
1197.553887045747;0
1194.1389710493913;0
1197.1240038151573;0
1198.2389366298742;0
1199.0521293907327;0
1196.8745884510622;0
1198.8801935560907;0
1199.3585316251529;0
1199.379325422679;0
1199.3832198658483;0
1193.4229290343665;0
1192.4788737758222;0
1190.6936034397904;0
1184.8555752035636;0
1185.3216664318563;0
1183.6645529403813;0
1183.0083368063806;0
1178.2332152036322;0
1183.7596618916791;0
1189.5334875152657;0
1188.9625615946773;0
1189.0480005746049;0
1190.8581599877934;0
1192.4274294208328;0
1196.6664829863862;0
1199.1289809956631;0
1199.6291601280423;0
1199.513877771521;0
1197.4622029586055;0
1192.258792968705;0
1193.029370919163;0
1193.3940072610503;0
1197.3765813557102;0
1196.7706101528652;0
1196.9346209113548;0
1196.4506212988135;0
1199.5486147010383;0
1199.5865846971215;0
1199.0132113339605;0
1198.3304343729208;0
1193.6429462287701;0
1192.663678238871;0
1197.3170066026337;0
1196.3803384980295;0
1194.2207140962244;0
1190.5124900420037;0
1194.2056356055464;0
1192.3697484040317;0
1194.1805204750556;0
1197.4129853533032;0
1194.1409968595967;0
1195.4368800537732;0
1195.1989853992843;0
1196.0258489443313;0
1194.8551358193758;0
1190.2475487473878;0
1190.0047071054214;0
1193.4352280529224;0
1192.1521856650002;0
1194.9444089493772;0
1192.4739194161762;0
1192.176561337389;0
1191.679670128644;0
1189.488167667259;0
1193.2677289952137;0
1193.9348074662103;0
1194.9692730882691;0
1192.9547999337456;0
1191.3292150468783;0
1195.6696892710902;0
1194.3791478762653;0
1189.0793872156385;0
1195.5815740926178;0
1199.5754541090935;0
1197.4996557271597;0
1198.1898901321015;0
1196.4113939479437;0
1192.9222591800983;0
1191.6723639965815;0
1194.599135137085;0
1194.4196132505424;0
1193.2215938554496;0
1188.3622537663703;0
1187.3383645138351;0
1185.8035485105595;0
1181.1447001758875;0
1178.0502090833709;0
1182.1998612493785;0
1183.2350752018522;0
1187.447373147188;0
1185.4469500921657;0
1189.9894523032722;0
1191.1922979994542;0
1190.9047253301399;0
1193.8116275428133;0
1194.221610344347;0
1193.4358216279256;0
1190.5883068182327;0
1188.340221772958;0
1184.7006960746867;0
1182.067684709776;0
1181.5968193013823;0
1179.843583108665;0
1179.939750470249;0
1182.5656333097593;0
1187.2887915620568;0
1183.3657245956856;0
1188.1805636229453;0
1192.7764781750361;0
1198.3891521195042;0
1196.9150817648701;0
1198.366391079207;0
1198.1356252680466;0
1197.9947416587092;0
1199.1926330510933;0
1198.8116887798847;0
1199.2167204683142;0
1199.4062091007543;0
1197.8763001698167;0
1199.1792096474683;0
1199.6094942117209;0
1196.1113820245089;0
1198.44532142548;0
1195.9144522935264;0
1189.7467343477783;0
1189.7821544970857;0
1193.9365840986043;0
1199.2269019879368;0
1199.8870160399833;0
1197.6034089430123;0
1198.381987974969;0
1198.8807160271235;0
1196.8698219513328;0
1187.752254090873;0
1183.682086492619;0
1183.9134435640053;0
1183.4306118445925;0
1184.9341661918324;0
1190.949249672976;0
1188.4780932585402;0
1189.7590030370452;0
1189.481748179102;0
1191.2001217379166;0
1195.0795056921077;0
1199.6999480109146;0
1198.33838969904;0
1196.6940733091155;0
1198.1315678140766;0
1198.5268549077161;0
1195.750591699495;0
1192.863464216743;0
1186.1699775294355;0
1189.2144377662225;0
1191.491715643204;0
1189.1723090202645;0
1194.7675031587246;0
1196.7377377376092;0
1195.3345755843113;0
1199.367914408399;0
1199.6391093859977;0
1199.385305860594;0
1197.6057737079288;0
1191.5952078500418;0
1190.7222213512453;0
1191.7814257700854;0
1192.7549010043854;0
1191.717213471138;0
1185.895266834926;0
1184.0657329870912;0
1187.179742225483;0
1185.506816499812;0
1180.4699409900536;0
1183.4275742754307;0
1192.973001575881;0
1193.9184199477008;0
1195.863998270403;0
1198.7854163264922;0
1199.4546577101876;0
1198.2553538440443;0
1198.2662683721428;0
1197.246086277331;0
1198.9064926650512;0
1198.0335606553124;0
1198.5613133345175;0
1198.9430075205257;0
1198.0949066899789;0
1197.3627485116642;0
1199.0776900624169;0
1199.799249000449;0
1199.5952889996404;0
1199.9860323847824;0
1194.836915138073;0
1195.4258490505613;0
1191.3596168381691;0
1193.2472110435556;0
1191.9930669525288;0
1196.7947237666106;0
1197.8008469810434;0
1196.8047892114191;0
1197.964783348124;0
1199.0871591149626;0
1198.3305596276246;0
1199.1102140227013;0
1197.3098568481014;0
1192.635519153816;0
1190.7083839257386;0
1190.7992637100492;0
1190.6300871881606;0
1189.7104893867431;0
1189.9144762521055;0
1189.5813708247151;0
1197.1977170163952;0
1196.3939557876784;0
1198.005899464096;0
1191.4229814698188;0
1189.2620565968007;0
1187.5415298489231;0
1183.2069268206783;0
1182.5159429118594;0
1183.3612678273892;0
1190.3825068529386;0
1190.1157151441403;0
1195.4377373284078;0
1195.3316320717752;0
1199.0295721714733;0
1197.3122121553865;0
1198.3444749740052;0
1193.5231252991184;0
1193.9646928328293;0
1195.4494651103364;0
1196.3430787873303;0
1199.9173011066;0
1196.1092073643872;0
1197.8554125246537;0
1194.1960702169795;0
1192.8158920297956;0
1195.635491293414;0
1198.0001807135093;0
1198.0206204178598;0
1197.7443037715939;0
1195.4611766279245;0
1193.3620656268176;0
1194.0267144124;0
1198.7378160789908;0
1198.7477707149035;0
1198.7942650003201;0
1199.8136297407993;0
1199.0124468957179;0
1197.28336941844;0
1193.8264299491814;0
1195.7945746193332;0
1193.7400432010827;0
1193.2433341084907;0
1194.4594348005953;0
1199.0512009948584;0
1194.1915300223523;0
1190.8482006757592;0
1187.0410073579774;0
1184.2609303571508;0
1184.462401505483;0
1187.7753378915017;0
1184.6733987741022;0
1186.441093443787;0
1191.2875451349394;0
1192.15442254001;0
1189.459322607066;0
1195.228339495302;0
1196.967399441235;0
1199.471165874612;0
1198.7478003698393;0
1195.7744240467505;0
1196.665764537453;0
1198.0497319389428;0
1199.7100986062283;0
1199.1603594532926;0
1196.1295784420781;0
1198.1372432970395;0
1196.9471983491846;0
1198.1036248253295;0
1198.185232443859;0
1198.9591186044595;0
1195.5312006973406;0
1199.530770319839;0
1199.0097998983883;0
1199.6204304471767;0
1196.0509308903431;0
1191.2800272578231;0
1188.478083789074;0
1190.6410917503717;0
1192.4010822522248;0
1191.908887708079;0
1198.6740070207302;0
1199.4929567784802;0
1193.2142055750423;0
1190.0813549578702;0
1186.1662550537235;0
1185.306428049535;0
1185.450784531033;0
1184.8873147385586;0
1183.9791077138232;0
1185.1617400581106;0
1186.85871586289;0
1187.5752759080024;0
1188.414524552942;0
1186.6349466284541;0
1185.0879041720884;0
1191.051754750698;0
1191.967807773243;0
1188.3347272230205;0
1192.0164364810055;0
1196.8811329136124;0
1199.2876207453357;0
1194.5330877322078;0
1199.110783234904;0
1197.3498242475603;0
1198.0165954837325;0
1196.0223133950158;0
1193.1211292931823;0
1192.9757205163137;0
1194.483941480757;0
1191.8233363951958;0
1192.865856273528;0
1194.3412520108718;0
1196.0107563657318;0
1194.005128701495;0
1199.170528684312;0
1199.7194383997557;0
1193.942524214694;0
1192.02106261161;0
1192.620031767177;0
1195.7792719591723;0
1196.1659864162418;0
1191.7325100477478;0
1188.1552905628769;0
1190.1771131304772;0
1195.5806791638815;0
1197.0772939630178;0
1196.7012850401206;0
1198.636895225552;0
1196.8180874039372;0
1191.298896198263;0
1191.7161601795956;0
1196.3318166128042;0
1191.542204790533;0
1195.120579379443;0
1195.485669978113;0
1190.8101479720901;0
1195.777942248637;0
1195.2318456012135;0
1198.0835909557916;0
1199.582307328107;0
1198.3275176181578;0
1194.6371801455794;0
1189.3181898569314;0
1187.860993285915;0
1188.2797695052395;0
1191.0110356923983;0
1190.416508364115;0
1194.501596316296;0
1197.3426598954356;0
1198.3169197479338;0
1193.864724444249;0
1195.5022246898682;0
1195.7121089222505;0
1195.8781418781098;0
1197.8574783767697;0
1199.928290435341;0
1199.5081026291093;0
1195.7434371481702;0
1195.445322679403;0
1194.315813198712;0
1194.6387096977255;0
1189.3759672242315;0
1190.7824948436482;0
1187.5751711628388;0
1189.749499214291;0
1194.8366145636792;0
1199.3853568987486;0
1199.034188162439;0
1194.947845566213;0
1197.2150056696953;0
1198.0942624686793;0
1197.003285459533;0
1196.2039946715745;0
1191.0565836177504;0
1189.425656045747;0
1190.4370977941783;0
1191.0487355501757;0
1189.679155377863;0
1194.1477621837043;0
1190.873417650777;0
1192.5195472581786;0
1192.1335467248093;0
1192.7013323614285;0
1197.5942946439595;0
1194.3341376431858;0
1190.3195947691986;0
1190.93484301757;0
1193.4857991131112;0
1195.1144749430773;0
1198.9741291948149;0
1198.6155258771305;0
1198.289572215067;0
1197.0937390181832;0
1197.759181103158;0
1197.1527492551174;0
1198.6793563495019;0
1199.255679560123;0
1199.3065999473956;0
1199.2974645954278;0
1198.619039765847;0
1196.8642123016634;0
1199.2018283602088;0
1197.1248227351246;0
1196.7560478465743;0
1191.1349849664239;0
1188.920428375925;0
1192.969486565201;0
1191.7334572820885;0
1192.9719356226933;0
1190.03056438965;0
1197.6922438423653;0
1199.377038160257;0
1196.6555012289202;0
1196.5822627992527;0
1199.4937644031036;0
1196.4362598468392;0
1199.1608322562188;0
1194.7340160296283;0
1196.5864626501243;0
1192.5365468892212;0
1196.0245312694733;0
1193.992879458518;0
1199.4226036910645;0
1198.4771158871833;0
1198.3345273571094;0
1198.082075877514;0
1194.8468405000276;0
1191.3543083389945;0
1193.8244200703468;0
1191.6547131337259;0
1189.6469963996615;0
1191.939895718272;0
1190.9477219453534;0
1192.3665033649022;0
1192.9268401085885;0
1190.8494709664405;0
1193.2993855661603;0
1195.2816877260493;0
1195.5621170545694;0
1194.6345639584824;0
1197.0899073002834;0
1197.3031717611877;0
1198.286920449812;0
1198.3927974068686;0
1196.8479009610346;0
1193.789334333577;0
1194.508356135459;0
1196.2845459253108;0
1196.6652520595032;0
1191.597242017102;0
1190.1476413768864;0
1197.7711488258724;0
1198.3655483217167;0
1198.9940000811425;0
1198.4225093107507;0
1197.1030063534326;0
1198.5106296109623;0
1198.5398569423555;0
1197.429313856523;0
1194.8959215160567;0
1196.23791462705;0
1196.4543622458323;0
1197.7927500877481;0
1197.6663105663592;0
1197.0763460504752;0
1194.6482645596654;0
1196.9843813163006;0
1195.7889993131585;0
1191.8215102692109;0
1195.0188015766323;0
1198.4311091854202;0
1199.9104519467883;0
1199.870351840672;0
1197.1759250117266;0
1199.6459291597753;0
1195.8786431287322;0
1197.916613768441;0
1199.7438926026637;0
1193.7995584233286;0
1194.9093952458747;0
1191.7713998559973;0
1192.5595372537307;0
1196.4707983193045;0
1198.6349895354174;0
1197.8537688569509;0
1199.4176318005727;0
1198.7186441921747;0
1198.204376181457;0
1195.6048732727895;0
1192.0957198702263;0
1192.972771516375;0
1188.6521362718354;0
1189.117665938613;0
1190.4240034478057;0
1194.2570601275045;0
1196.661757207265;0
1199.1215851999411;0
1198.8165458304043;0
1196.5807381680982;0
1195.7624827880898;0
1199.3842684352253;0
1197.4231858915427;0
1197.5343142426436;0
1196.2658126762062;0
1197.9506545158079;0
1195.1728338721118;0
1198.08958724212;0
1196.6893113238239;0
1198.215030179904;0
1194.2933247324129;0
1195.860280958684;0
1194.6929508154944;0
1191.5973319247087;0
1189.9711159302256;0
1187.7129320303836;0
1188.8080012797102;0
1189.380435668194;0
1189.8285814923356;0
1194.5083775674825;0
1192.5305360449806;0
1191.7647929875807;0
1194.8746330964618;0
1196.827049811341;0
1197.948684591035;0
1197.3474734341632;0
1198.259222139482;0
1199.2286637543111;0
1195.1674173482786;0
1189.2756372083957;0
1192.2432174711823;0
1197.5742840934677;0
1199.0308342826265;0
1195.5402521258525;0
1195.3033036893826;0
1192.3363670161377;0
1189.8304754653998;0
1181.9478058421846;0
1183.660513417574;0
1182.509588512661;0
1185.6588723581406;0
1186.1043200982565;0
1187.0842364087462;0
1188.2797034463026;0
1192.0774221815764;0
1191.0888395700385;0
1189.8980207218904;0
1187.9330828994844;0
1191.0097019349303;0
1190.3082954872025;0
1190.5813031730322;0
1194.46166476709;0
1199.1325028871647;0
1199.1914172234797;0
1199.7134246005112;0
1195.8931771495018;0
1197.673808157258;0
1194.3498406934825;0
1197.4347404489363;0
1199.0336591659957;0
1196.7185517607995;0
1199.1217014683814;0
1194.4172498652367;0
1189.899863045151;0
1190.0921515922398;0
1193.4174876591771;0
1196.0183226507738;0
1199.841360850829;0
1198.1819481355615;0
1197.4737853509432;0
1196.4065089135252;0
1194.1411480214372;0
1199.1647261132969;0
1196.8031359750657;0
1197.9155609422648;0
1197.0085817448037;0
1199.8435717239736;0
1199.3977696823702;0
1197.1725516865517;0
1196.6138647648254;0
1197.2432106760898;0
1193.9931326227897;0
1189.3610948543878;0
1189.199468069357;0
1189.3127043016952;0
1196.9420633111727;0
1198.9299977238543;0
1198.4343923742135;0
1198.5030670835285;0
1198.2922702801675;0
1197.9175869205205;0
1196.3539556230774;0
1198.7923950178726;0
1199.7441513770814;0
1197.1728957461146;0
1194.8437412425128;0
1194.2812029142865;0
1189.8767230617627;0
1189.3393777863482;0
1190.1731911726142;0
1190.213932842707;0
1192.1430523978474;0
1194.3969764904994;0
1190.6755766856522;0
1192.1268937436657;0
1189.6784335033535;0
1190.6553389634705;0
1193.2514393939332;0
1192.6785664793142;0
1190.408276745991;0
1195.1055940120998;0
1198.659341111769;0
1199.8408740964646;0
1198.2421064804023;0
1199.1358660812393;0
1198.4745820402557;0
1198.5756397801247;0
1199.059294;0
1199.4383109034356;0
1199.8011534606512;0
1196.5335583320484;0
1196.8365799113308;0
1198.4918995350627;0
1199.9094013592403;0
1197.8211630780756;0
1199.6890280543294;0
1199.6636150482684;0
1199.2608703754884;0
1197.120302547188;0
1197.0381667740999;0
1197.0277948321213;0
1197.1608634945605;0
1198.775409411855;0
1197.7901405118757;0
1196.4451320389444;0
1199.1600581349435;0
1198.901462267862;0
1196.6257437976249;0
1197.6190944387126;0
1198.8616775006692;0
1199.0392972303648;0
1197.8014837549158;0
1194.183021564619;0
1193.8853092140878;0
1192.0012813498254;0
1187.8361175046932;0
1185.0690712715377;0
1181.6274615239536;0
1183.176606940049;0
1186.0672129407285;0
1182.148497761218;0
1184.9759651694276;0
1186.1250487689156;0
1188.8557250211302;0
1189.8204321077587;0
1186.9355475729571;0
1187.7364567073473;0
1187.577414912738;0
1187.086682716564;0
1184.561069862932;0
1184.740009590997;0
1185.3132132805342;0
1185.0037611819257;0
1189.1550328789942;0
1186.2196278442666;0
1185.3425458767254;0
1186.5262244759604;0
1184.318676101439;0
1183.3465033031744;0
1185.5950630405264;0
1186.1091407780264;0
1187.8605883890327;0
1188.8364905166486;0
1195.7819564698468;0
1199.3168086274945;0
1198.6101009535105;0
1199.9942661526848;0
1199.9525551977554;0
1197.757091680033;0
1198.4778078439215;0
1199.5351844938161;0
1199.2631406111436;0
1194.3350376788026;0
1194.0909091998665;0
1190.7432279859809;0
1188.482844547776;0
1195.7002208149834;0
1198.456784154697;0
1199.8796383203644;0
1198.5008657890594;0
1194.7221436293255;0
1194.4438585001972;0
1197.0587111385857;0
1197.9023625410468;0
1199.1886719789482;0
1199.0998760392065;0
1197.3961788698675;0
1198.0317712742947;0
1196.5691899579324;0
1197.6914998847233;0
1197.262541551535;0
1195.9654211994637;0
1198.181520014068;0
1199.5495341876517;0
1199.939217708109;0
1196.276857699856;0
1193.8111506880657;0
1191.793839310777;0
1189.9004091053166;0
1184.3037558974097;0
1184.074229650511;0
1182.9475629302678;0
1186.2203323609085;0
1183.5355928934216;0
1183.7692462421583;0
1179.1065367416666;0
1179.605934753065;0
1180.2228163135371;0
1186.9748615351907;0
1192.1869101977172;0
1197.5405188041066;0
1197.762643653391;0
1199.5114284177162;0
1196.4419052930355;0
1194.4299138053364;0
1195.0491931623296;0
1199.4042040056697;0
1197.7142586371538;0
1198.897880031821;0
1197.2050044490052;0
1194.9615642096755;0
1189.9620984249727;0
1189.440677624287;0
1190.6269260791896;0
1184.6531867237718;0
1183.9919401269372;0
1185.20914716318;0
1189.0452628394976;0
1188.1025456173825;0
1191.2728923741015;0
1193.7695508820473;0
1197.039925627343;0
1197.4470152520028;0
1197.3852592978483;0
1199.7051798003754;0
1198.0328317843696;0
1198.6323586361361;0
1199.4746405829278;0
1196.4019343759344;0
1196.331615596357;0
1195.7677601376065;0
1199.020787111077;0
1198.9809025605382;0
1199.5566238630622;0
1199.2185578173494;0
1199.2577942181438;0
1197.6128485710035;0
1197.7741676918185;0
1199.155616292914;0
1199.5377247243462;0
1197.2943769457625;0
1199.2660029111294;0
1199.9606123055407;0
1195.9906557168981;0
1199.829138138674;0
1197.8191802465344;0
1199.6012522390174;0
1198.4666256334615;0
1197.5041526160753;0
1197.0281001207459;0
1195.3645080962106;0
1192.4451321751458;0
1191.9376086041457;0
1193.9949731756515;0
1190.3720159902214;0
1191.7180649527563;0
1197.4028942848386;0
1195.6641338059858;0
1195.3018342656414;0
1194.7452454389252;0
1191.5914848528905;0
1188.7445018328735;0
1191.3248938002553;0
1189.3887749669707;0
1187.8760513175998;0
1190.427922911836;0
1189.6766548564356;0
1194.0021916310207;0
1196.0345992038197;0
1197.1425556211516;0
1190.7672002576526;0
1191.7326620807594;0
1191.6327545418753;0
1196.0177710654411;0
1196.1071966794666;0
1196.6638686370552;0
1197.4550875206608;0
1199.8828362676888;0
1197.4273538706614;0
1195.1029597713807;0
1192.8535997155025;0
1197.8845119730029;0
1195.5055668710233;0
1198.1160658442163;0
1199.8216046259413;0
1199.6460911465374;0
1199.1510356679332;0
1199.3058063256299;0
1199.4622500716548;0
1198.9584551186465;0
1198.3369571863884;0
1199.4047014235534;0
1199.5495439283225;0
1196.7933485884546;0
1196.7052822718754;0
1194.1018533005372;0
1192.9383682875282;0
1186.8643568885725;0
1184.9728182122335;0
1189.122998621259;0
1189.5211506070336;0
1185.8713394017557;0
1187.6751124398077;0
1187.5241466118011;0
1185.2729799800604;0
1190.3558548627007;0
1190.1902537598244;0
1193.9981784158606;0
1194.3360953168312;0
1198.949810184905;0
1197.713132358204;0
1194.0019845989755;0
1192.6998801684358;0
1188.0590220233605;0
1183.9997979497243;0
1183.8751228393426;0
1180.640612274727;0
1178.6514976687308;0
1180.1520357515703;0
1183.7988163920004;0
1180.9162603580344;0
1184.0649607200344;0
1188.5620080523377;0
1193.7808294738684;0
1195.1866984295689;0
1199.4563793610234;0
1197.7061137768276;0
1196.4749526951352;0
1195.2956925367437;0
1194.3387557373521;0
1193.8267765105459;0
1197.2046697083083;0
1197.043504713001;0
1195.8191183736926;0
1198.9265801053807;0
1194.1545086463975;0
1194.856033916259;0
1197.1000721620671;0
1197.1893392555035;0
1194.4113048268089;0
1191.6550812344326;0
1191.620854546424;0
1187.6525093426665;0
1190.2991088341028;0
1187.748623698502;0
1189.517294994107;0
1186.3762148343467;0
1181.9974081657715;0
1179.8054230684304;0
1178.045455390247;0
1179.6708464908306;0
1180.8664018025042;0
1180.4380685411825;0
1181.029649227216;0
1180.8105321317769;0
1187.4498856064215;0
1189.388059840833;0
1195.799146574031;0
1198.9509458827383;0
1199.6755072306878;0
1199.5230237758922;0
1199.8735083357012;0
1198.228025800262;0
1198.8998443533214;0
1198.0062613984805;0
1199.83576280047;0
1197.9233673625135;0
1194.2247095215612;0
1198.6429810796244;0
1197.7562776121176;0
1199.9235614698318;0
1195.7811728339857;0
1198.4449925329102;0
1198.9350168991712;0
1197.400820434797;0
1196.583134715844;0
1193.9875125913122;0
1198.8634359373848;0
1197.9906270423894;0
1194.9304143602972;0
1192.8287589733422;0
1194.4759580623536;0
1190.140750913874;0
1189.6302962542266;0
1189.6702074483967;0
1188.7510338213374;0
1187.566097072731;0
1185.8919123495211;0
1181.7682797719265;0
1186.6661977173378;0
1182.1170410436296;0
1182.4325511142779;0
1182.2818967315907;0
1186.365122006424;0
1184.2052790260132;0
1188.2888956522506;0
1190.7250125626847;0
1195.513273494742;0
1198.5221712194823;0
1198.3916545314203;0
1198.7040881259904;0
1197.1208758551927;0
1199.9242335653878;0
1196.2816322091326;0
1197.2586466899033;0
1198.4808573159594;0
1196.0680989978973;0
1198.4087502538155;0
1195.8110271453825;0
1193.846815221437;0
1191.6676673300651;0
1190.6181673395351;0
1189.440478681527;0
1186.2663260783895;0
1188.042575069612;0
1190.2331190185935;0
1192.4494054808658;0
1195.0979744248361;0
1198.419637453036;0
1193.8874833429395;0
1193.476386046337;0
1198.0358442504457;0
1197.9386543459268;0
1197.1019453483782;0
1199.6059093861913;0
1196.2955154378678;0
1198.4722537510456;0
1199.6581393005752;0
1196.6760164265781;0
1199.8672252159126;0
1199.1391907442019;0
1197.9942927179543;0
1196.417678489553;0
1192.7072670805794;0
1191.1632590673917;0
1183.4417963382957;0
1181.1587070683554;0
1177.2397301012747;0
1177.0357461181416;0
1180.352267709591;0
1184.6244207633067;0
1188.6695416990196;0
1192.2771436034013;0
1194.2551507480273;0
1197.447036110024;0
1194.0573088262543;0
1189.7412835229766;0
1190.2610082599556;0
1192.2264214270438;0
1191.5659560776046;0
1191.4496824487733;0
1197.038300936507;0
1198.7825999506792;0
1198.9026163049869;0
1198.2259297179721;0
1198.57517146094;0
1194.9248793414079;0
1190.0581162152416;0
1194.3262613962684;0
1197.7918200573847;0
1199.588209321998;0
1198.0902269264648;0
1198.02537202143;0
1197.9525596246772;0
1196.6997144714317;0
1196.53015498244;0
1188.7450524315518;0
1186.628773324917;0
1182.8751755279836;0
1181.3966657747048;0
1183.205866680135;0
1181.5281845223567;0
1179.3875126565497;0
1179.595327522159;0
1179.2084559107095;0
1186.5583537199052;0
1186.6763818869467;0
1190.4294933985198;0
1195.9590206656633;0
1195.8150000405958;0
1198.8841244768364;0
1198.4017007868008;0
1194.704029344675;0
1193.5662314220788;0
1194.833224565175;0
1196.0486691333451;0
1198.106595492569;0
1193.72399089171;0
1196.0806850515264;0
1199.6813682713084;0
1197.7859843801818;0
1196.4009583692643;0
1194.4625775212373;0
1198.4494476358482;0
1198.7125171483192;0
1199.7823348603292;0
1195.7216555286511;0
1197.9693771046077;0
1199.628798042292;0
1197.892809993371;0
1197.7019554661179;0
1198.7995047263912;0
1199.3471813986816;0
1196.2315228281122;0
1197.9668079309613;0
1198.831486291959;0
1197.5244367814612;0
1195.8802455427622;0
1198.397667801709;0
1197.6862339229228;0
1196.9221907872152;0
1192.2422188349365;0
1190.3653728992422;0
1190.3987767720473;0
1190.8081402390085;0
1193.5205614326676;0
1192.8134310954265;0
1195.0796093257854;0
1194.0534812116794;0
1194.060918425255;0
1194.6496474421347;0
1194.553528488979;0
1195.1670690146332;0
1187.821872251534;0
1186.440997450338;0
1185.7118432816533;0
1185.8398726954615;0
1180.8716265156709;0
1181.6479786455307;0
1178.6500331652521;0
1177.1737660267918;0
1178.2704199106647;0
1183.0066734518264;0
1180.5530317892715;0
1185.5023798102957;0
1186.9699679725245;0
1193.952151872097;0
1198.7787117723376;0
1199.9579002030114;0
1199.557168330269;0
1199.6127684926578;0
1196.5968481390735;0
1197.5839996853779;0
1197.2028262538684;0
1196.3822407023347;0
1199.6696417676371;0
1198.7560829394158;0
1197.5728088616793;0
1197.7710190660268;0
1196.842085632171;0
1197.8168102811842;0
1199.9851904942184;0
1198.6816938455527;0
1198.2523351911625;0
1199.2478877131907;0
1199.1289181544898;0
1199.928994700349;0
1197.1486155172386;0
1194.8006554321132;0
1192.3985695972751;0
1194.383483382509;0
1191.867675839388;0
1192.968244586516;0
1197.031739604049;0
1199.9845036850963;0
1199.3197566586139;0
1194.8584716219416;0
1195.2482511007888;0
1194.8479822752547;0
1195.2583077449317;0
1197.2858030119378;0
1198.0749668197632;0
1198.4206062201602;0
1199.1963409125203;0
1198.4817047690603;0
1199.595449604583;0
1198.189836719434;0
1199.5643733334987;0
1195.1107146850309;0
1197.546735199442;0
1194.6751503354494;0
1194.1459303946779;0
1195.3574202869015;0
1194.508754670373;0
1194.4532966622246;0
1198.3623053155236;0
1198.043863070589;0
1196.5775192263163;0
1199.5305202399961;0
1197.024449314244;0
1197.3632575434644;0
1198.2160948024507;0
1199.759217013142;0
1199.4720702067243;0
1196.1355728984786;0
1194.0845167149018;0
1195.7005904924574;0
1187.2935460827655;0
1182.8196435324314;0
1183.7481727934614;0
1183.3378267562505;0
1186.5775999605362;0
1185.7386208473554;0
1190.1848919294944;0
1189.32783269964;0
1192.2153195476158;0
1198.4262171466116;0
1198.6548098293922;0
1199.379191545877;0
1197.974943337643;0
1199.366440499517;0
1198.6657604770994;0
1197.7719952666848;0
1194.4257320718884;0
1196.7966792177974;0
1193.533017575557;0
1199.828379313793;0
1199.122045037741;0
1198.2145306773314;0
1191.135129730207;0
1187.1638582380804;0
1187.3192974378342;0
1189.9230343778052;0
1191.656351178803;0
1194.4914759826538;0
1190.875455429713;0
1186.42105952462;0
1190.2773685581192;0
1194.2943096966337;0
1192.7453210092776;0
1190.7582651337912;0
1195.3006131121256;0
1197.3591801044208;0
1199.810297667725;0
1198.1311184710005;0
1197.6034658598433;0
1195.7264964440394;0
1196.592807652114;0
1199.1212196688525;0
1194.239416953324;0
1190.898871267904;0
1194.6966960365203;0
1192.2668061565505;0
1192.5567684152372;0
1193.0063475460145;0
1191.985868276769;0
1194.3987414882877;0
1195.0987547016784;0
1198.1038003427302;0
1196.353244705916;0
1196.1591847652264;0
1198.8584848452278;0
1197.1053306980682;0
1199.9174359766705;0
1199.469062127921;0
1198.776945044875;0
1199.9886780807715;0
1198.5726317018348;0
1194.1531210926205;0
1196.0296990423856;0
1191.3571690298263;0
1189.2474166416523;0
1191.0633944426977;0
1191.4200152941683;0
1190.7992287623379;0
1191.4900725181305;0
1190.4215776660042;0
1192.659507103037;0
1193.5398193125889;0
1193.2441785316082;0
1197.5686348758475;0
1197.8756521710566;0
1198.28585265809;0
1196.106072143128;0
1197.5302306204946;0
1193.5801068079097;0
1193.7338373944422;0
1192.7283008921372;0
1190.2433580486106;0
1184.9811324514794;0
1183.7429318031923;0
1183.4629850586439;0
1187.4960640329962;0
1188.375383957463;0
1190.2323955603465;0
1195.8623256072676;0
1199.5750309507382;0
1196.5215990557576;0
1193.6520763182943;0
1193.3497924330643;0
1194.554493463019;0
1190.9774062967797;0
1191.6582987779523;0
1192.4397371115997;0
1193.1484747465254;0
1196.9484910972196;0
1197.4141250446978;0
1199.9335328032817;0
1199.1898834155286;0
1193.9803360111646;0
1192.6505533141392;0
1192.3077059877012;0
1191.9044911685269;0
1186.1107303719305;0
1183.8647730174873;0
1179.7541448809675;0
1177.6300968717817;0
1176.3756235535275;0
1175.7585099765643;0
1175.2953335635505;0
1176.0703249948283;0
1179.3997036888768;0
1177.932338011327;0
1179.1714155446173;0
1182.7875166341469;0
1188.4412156336818;0
1193.45661226497;0
1199.3968947866974;0
1198.4983438549546;0
1197.4846170854553;0
1193.4415142109813;0
1192.4388191227567;0
1191.4373923024448;0
1197.4638895224145;0
1199.8698878065893;0
1198.3758463155652;0
1197.17731146632;0
1197.6236916930718;0
1196.4762745190426;0
1196.4235574630638;0
1199.7469372705882;0
1197.419235179055;0
1199.8266350825136;0
1199.6695698138983;0
1199.2153225183756;0
1198.883737494264;0
1194.5504654199317;0
1192.131698846024;0
1192.7732151104096;0
1189.9947946067384;0
1186.4328146039538;0
1188.6222897215878;0
1190.2776828147653;0
1194.816877507043;0
1195.915379409607;0
1199.6261401647719;0
1197.4585716376723;0
1198.4407556385609;0
1199.8763475851495;0
1197.7075773044708;0
1199.7882465286445;0
1198.4056365814727;0
1191.6096114387665;0
1194.3253483976766;0
1192.6089124818354;0
1192.4417212515013;0
1196.682197865749;0
1196.2115353386737;0
1194.5234791302269;0
1192.8826929433012;0
1192.1809379659871;0
1191.4042774951167;0
1194.3006005824357;0
1189.9789755785248;0
1188.321190971074;0
1185.9581889931994;0
1183.8167276278846;0
1182.085903434893;0
1180.698359430925;0
1179.1175211500697;0
1181.5818432756448;0
1181.996327991161;0
1180.466795692595;0
1182.4635573432452;0
1186.72224335536;0
1189.479122594575;0
1191.2323713612611;0
1192.5589574895007;0
1192.776792787894;0
1197.4451780180657;0
1198.5509084253158;0
1198.9035910864677;0
1196.990541269144;0
1199.908972664622;0
1198.380729329383;0
1198.603360518038;0
1198.1687375708284;0
1195.7099499678068;0
1196.871068834042;0
1199.344399487275;0
1193.431428480295;0
1191.5172611097373;0
1192.0071410615553;0
1189.645943651209;0
1188.205154572207;0
1189.6751247797524;0
1188.8944346008873;0
1186.3781971316657;0
1186.8381132950697;0
1182.9926913358534;0
1185.4089522448103;0
1193.731585998003;0
1195.057925104899;0
1194.8933275147356;0
1194.676414966683;0
1198.7129962207812;0
1196.1260960506602;0
1196.7146903735268;0
1195.380861862498;0
1199.7288007709496;0
1197.4520034214477;0
1194.4819993074414;0
1195.699366362562;0
1198.1407674552652;0
1196.0493469629737;0
1198.3869075100547;0
1194.8287495295112;0
1190.9795976716841;0
1189.7212935756281;0
1189.6788503993039;0
1189.7609632578478;0
1188.8469192880953;0
1186.8434464051934;0
1185.2595123072888;0
1180.7468135601393;0
1178.0023658850027;0
1181.698790860337;0
1186.9304088472365;0
1190.1069036049194;0
1193.2298667576654;0
1195.7864001909752;0
1198.3403930577667;0
1198.4486845290066;0
1198.1054105736298;0
1195.599691150499;0
1193.4881280031805;0
1195.4332183089275;0
1198.4070801505604;0
1196.363180967074;0
1192.751856582003;0
1194.2285641778096;0
1193.0152267039314;0
1191.3010581950866;0
1192.018493607788;0
1189.3716831736092;0
1192.5470542478822;0
1194.1893352119769;0
1196.1850877285997;0
1195.470536338287;0
1199.3116741056617;0
1192.704368105728;0
1190.8375066903357;0
1194.8612787084928;0
1199.8974149731334;0
1194.6355507452126;0
1197.4889575886225;0
1197.7304287463844;0
1199.9823390312763;0
1198.483445456021;0
1198.373483493663;0
1197.583566516273;0
1197.85714504114;0
1196.5775199098503;0
1194.0999559512588;0
1192.5790032364962;0
1191.6145109350782;0
1185.2043118280362;0
1186.223583715475;0
1181.981108258735;0
1186.368017237584;0
1191.7482248585395;0
1192.4488532673279;0
1193.6473648565648;0
1190.9524852045156;0
1192.1792311547226;0
1189.611127743523;0
1189.0239018921447;0
1186.459250427416;0
1187.073019705943;0
1189.5322993016578;0
1191.07026779323;0
1191.6985786012071;0
1189.7909381957534;0
1191.5039635351027;0
1187.5464699276372;0
1194.1763638574957;0
1198.0739542323022;0
1195.8517156924063;0
1191.9791797923162;0
1192.5542279593428;0
1195.0483687485066;0
1198.1033145831418;0
1197.1669731145462;0
1194.4976232541433;0
1191.7986463217485;0
1186.8822110602687;0
1191.5306053165623;0
1190.3325097505276;0
1189.9825076233196;0
1190.8299561609151;0
1195.4831593000526;0
1199.3171522102768;0
1197.9500801300196;0
1198.6428138545148;0
1198.9634385350037;0
1194.4739177272972;0
1192.4604156926566;0
1188.7538589831593;0
1188.8145706584219;0
1186.9063777683846;0
1188.918769635313;0
1194.9839200526603;0
1192.9347562561807;0
1196.431852586065;0
1199.92573681715;0
1196.2907047204276;0
1195.4806857468564;0
1193.5148830514636;0
1194.2299172070611;0
1196.3839551396013;0
1195.751435806767;0
1195.4484422414866;0
1198.9417906164902;0
1199.3433437144772;0
1197.838205140597;0
1197.6946931204507;0
1196.737113500692;0
1190.8426861210296;0
1190.7769992500675;0
1189.5342929658314;0
1189.4055960778105;0
1191.551633250373;0
1186.8215008545217;0
1185.2062276120912;0
1185.240631292988;0
1188.6591854667531;0
1191.3250630394443;0
1199.0621109914637;0
1199.0465716019742;0
1196.0764159215505;0
1195.6374072769422;0
1195.6319254644322;0
1196.3621398011246;0
1191.7336740983096;0
1193.350932653032;0
1191.2860498551765;0
1190.8335181167836;0
1192.8251537642252;0
1188.8713840118594;0
1193.6465304155297;0
1193.5463840592486;0
1192.8980812074524;0
1194.1588869947623;0
1190.9134889221064;0
1193.602316901673;0
1192.6756117488217;0
1191.5810471365094;0
1194.724467589672;0
1195.0471536010946;0
1196.3305336766198;0
1193.884174371687;0
1192.677350738301;0
1197.9761382947622;0
1198.9180003410688;0
1198.4217322229129;0
1196.1737278955668;0
1195.0953025786773;0
1191.101246477749;0
1193.307405644436;0
1195.7054955281096;0
1196.5803294203047;0
1198.5534443859358;0
1197.6639041039844;0
1199.2631984500504;0
1197.897937633368;0
1199.304312006451;0
1196.3092082320145;0
1194.4570160876676;0
1194.5443363974105;0
1191.2577951970825;0
1188.34780549108;0
1191.1682042875386;0
1189.9225352484764;0
1190.193669005187;0
1188.5980750858164;0
1193.1623057481693;0
1190.7114272518274;0
1196.6588287449074;0
1198.6845438105702;0
1198.6991904304987;0
1197.9186186664929;0
1198.09970525486;0
1193.6096529037943;0
1196.9987889301972;0
1199.8985155378032;0
1197.2206930041884;0
1199.1389121144489;0
1199.3822000993414;0
1199.916360688565;0
1198.6401993975;0
1199.7586724123466;0
1195.808646106148;0
1195.1606439598509;0
1192.472107863734;0
1189.9380723526756;0
1192.962882525578;0
1197.8877871034706;0
1197.7352795799566;0
1199.7574592566161;0
1199.2099584132652;0
1199.001835518764;0
1199.2106778440757;0
1197.6115669035157;0
1196.6010265255306;0
1194.5321028724557;0
1198.4319477059366;0
1193.7194679407417;0
1194.7471360449013;0
1193.4759088590376;0
1195.1544315035399;0
1197.8693536024393;0
1197.5076278542215;0
1195.4658175766108;0
1193.3288979161296;0
1196.9840824277753;0
1195.008593361706;0
1193.9249755827213;0
